PTID,PTDOBYY,DIAGNOSIS
011_S_0002,1931-01-01,1.0
011_S_0005,1931-01-01,1.0
011_S_0008,1921-01-01,1.0
022_S_0014,1927-01-01,1.0
011_S_0016,1940-01-01,1.0
100_S_0015,1924-01-01,1.0
067_S_0019,1932-01-01,1.0
011_S_0022,1942-01-01,1.0
011_S_0021,1933-01-01,1.0
023_S_0031,1928-01-01,1.0
100_S_0035,1928-01-01,1.0
099_S_0040,1932-01-01,1.0
011_S_0023,1934-01-01,1.0
018_S_0043,1929-01-01,1.0
035_S_0048,1927-01-01,1.0
067_S_0056,1936-01-01,1.0
018_S_0055,1930-01-01,1.0
067_S_0059,1935-01-01,1.0
023_S_0058,1935-01-01,1.0
100_S_0047,1921-01-01,1.0
023_S_0061,1928-01-01,1.0
022_S_0066,1931-01-01,1.0
010_S_0067,1931-01-01,1.0
007_S_0068,1931-01-01,1.0
123_S_0072,1935-01-01,1.0
027_S_0074,1927-01-01,1.0
099_S_0090,1936-01-01,1.0
032_S_0095,1934-01-01,1.0
100_S_0069,1933-01-01,1.0
022_S_0096,1926-01-01,1.0
020_S_0097,1933-01-01,1.0
023_S_0081,1935-01-01,1.0
068_S_0127,1935-01-01,1.0
123_S_0106,1932-01-01,1.0
041_S_0125,1932-01-01,1.0
022_S_0130,1932-01-01,1.0
131_S_0123,1932-01-01,1.0
007_S_0070,1932-01-01,1.0
021_S_0159,1928-01-01,1.0
027_S_0118,1925-01-01,1.0
073_S_0089,1940-01-01,1.0
035_S_0156,1931-01-01,1.0
027_S_0120,1934-01-01,1.0
098_S_0171,1927-01-01,1.0
114_S_0166,1933-01-01,1.0
114_S_0173,1932-01-01,1.0
068_S_0210,1933-01-01,1.0
067_S_0177,1931-01-01,1.0
136_S_0186,1925-01-01,1.0
128_S_0229,1931-01-01,1.0
130_S_0232,1928-01-01,1.0
128_S_0230,1926-01-01,1.0
005_S_0223,1928-01-01,1.0
098_S_0172,1935-01-01,1.0
123_S_0113,1930-01-01,1.0
128_S_0245,1932-01-01,1.0
041_S_0262,1920-01-01,1.0
136_S_0184,1927-01-01,1.0
128_S_0272,1935-01-01,1.0
137_S_0283,1927-01-01,1.0
127_S_0259,1935-01-01,1.0
137_S_0301,1932-01-01,1.0
127_S_0260,1927-01-01,1.0
072_S_0315,1934-01-01,1.0
131_S_0319,1935-01-01,1.0
082_S_0304,1935-01-01,1.0
037_S_0303,1921-01-01,1.0
021_S_0337,1930-01-01,1.0
099_S_0352,1929-01-01,1.0
016_S_0359,1924-01-01,1.0
037_S_0327,1936-01-01,1.0
082_S_0363,1934-01-01,1.0
123_S_0298,1929-01-01,1.0
018_S_0369,1930-01-01,1.0
136_S_0086,1925-01-01,1.0
002_S_0295,1921-01-01,1.0
002_S_0413,1929-01-01,1.0
136_S_0196,1928-01-01,1.0
027_S_0403,1929-01-01,1.0
131_S_0436,1921-01-01,1.0
067_S_0257,1927-01-01,1.0
114_S_0416,1930-01-01,1.0
133_S_0433,1920-01-01,1.0
018_S_0425,1920-01-01,1.0
073_S_0386,1933-01-01,1.0
131_S_0441,1933-01-01,1.0
137_S_0459,1933-01-01,1.0
037_S_0454,1924-01-01,1.0
116_S_0360,1933-01-01,1.0
037_S_0467,1925-01-01,1.0
068_S_0473,1933-01-01,1.0
032_S_0479,1932-01-01,1.0
133_S_0488,1935-01-01,1.0
094_S_0489,1932-01-01,1.0
006_S_0484,1935-01-01,1.0
133_S_0493,1928-01-01,1.0
006_S_0498,1935-01-01,1.0
128_S_0500,1928-01-01,1.0
010_S_0419,1936-01-01,1.0
126_S_0405,1930-01-01,1.0
014_S_0520,1928-01-01,1.0
014_S_0519,1932-01-01,1.0
128_S_0522,1936-01-01,1.0
133_S_0525,1936-01-01,1.0
094_S_0526,1921-01-01,1.0
116_S_0382,1930-01-01,1.0
099_S_0534,1943-01-01,1.0
016_S_0538,1923-01-01,1.0
099_S_0533,1925-01-01,1.0
128_S_0545,1934-01-01,1.0
002_S_0559,1927-01-01,1.0
126_S_0506,1934-01-01,1.0
014_S_0548,1932-01-01,1.0
010_S_0420,1932-01-01,1.0
005_S_0553,1921-01-01,1.0
013_S_0502,1931-01-01,1.0
033_S_0516,1918-01-01,1.0
035_S_0555,1929-01-01,1.0
062_S_0578,1929-01-01,1.0
036_S_0576,1928-01-01,1.0
013_S_0575,1920-01-01,1.0
073_S_0312,1923-01-01,1.0
073_S_0311,1928-01-01,1.0
114_S_0601,1929-01-01,1.0
014_S_0558,1926-01-01,1.0
005_S_0602,1935-01-01,1.0
031_S_0618,1931-01-01,1.0
126_S_0605,1930-01-01,1.0
005_S_0610,1927-01-01,1.0
127_S_0622,1931-01-01,1.0
082_S_0640,1933-01-01,1.0
021_S_0647,1933-01-01,1.0
057_S_0643,1935-01-01,1.0
012_S_0637,1930-01-01,1.0
032_S_0677,1935-01-01,1.0
010_S_0472,1934-01-01,1.0
126_S_0680,1928-01-01,1.0
006_S_0681,1929-01-01,1.0
137_S_0686,1934-01-01,1.0
002_S_0685,1916-01-01,1.0
094_S_0692,1929-01-01,1.0
094_S_0711,1929-01-01,1.0
141_S_0717,1930-01-01,1.0
141_S_0726,1925-01-01,1.0
127_S_0684,1929-01-01,1.0
033_S_0734,1933-01-01,1.0
006_S_0731,1935-01-01,1.0
036_S_0672,1944-01-01,1.0
033_S_0741,1926-01-01,1.0
009_S_0751,1935-01-01,1.0
141_S_0767,1933-01-01,1.0
062_S_0768,1929-01-01,1.0
116_S_0648,1935-01-01,1.0
082_S_0761,1935-01-01,1.0
057_S_0779,1927-01-01,1.0
129_S_0778,1934-01-01,1.0
141_S_0810,1923-01-01,1.0
116_S_0657,1928-01-01,1.0
036_S_0813,1933-01-01,1.0
029_S_0824,1930-01-01,1.0
029_S_0843,1936-01-01,1.0
029_S_0845,1926-01-01,1.0
057_S_0818,1932-01-01,1.0
009_S_0842,1933-01-01,1.0
029_S_0866,1926-01-01,1.0
128_S_0863,1927-01-01,1.0
009_S_0862,1933-01-01,1.0
020_S_0883,1930-01-01,1.0
109_S_0876,1930-01-01,1.0
130_S_0886,1935-01-01,1.0
020_S_0899,1926-01-01,1.0
041_S_0898,1923-01-01,1.0
033_S_0920,1926-01-01,1.0
098_S_0896,1929-01-01,1.0
033_S_0923,1923-01-01,1.0
023_S_0926,1935-01-01,1.0
003_S_0907,1918-01-01,1.0
003_S_0931,1920-01-01,1.0
057_S_0934,1936-01-01,1.0
023_S_0963,1934-01-01,1.0
052_S_0951,1921-01-01,1.0
130_S_0969,1936-01-01,1.0
109_S_0967,1929-01-01,1.0
021_S_0984,1930-01-01,1.0
024_S_0985,1925-01-01,1.0
003_S_0981,1922-01-01,1.0
041_S_1002,1930-01-01,1.0
012_S_1009,1930-01-01,1.0
033_S_1016,1928-01-01,1.0
109_S_1013,1928-01-01,1.0
013_S_1035,1919-01-01,1.0
003_S_1021,1919-01-01,1.0
024_S_1063,1928-01-01,1.0
109_S_1014,1922-01-01,1.0
033_S_1086,1925-01-01,1.0
141_S_1094,1930-01-01,1.0
033_S_1098,1934-01-01,1.0
062_S_1099,1927-01-01,1.0
051_S_1123,1931-01-01,1.0
137_S_0972,1929-01-01,1.0
032_S_1169,1934-01-01,1.0
036_S_1023,1929-01-01,1.0
023_S_1190,1930-01-01,1.0
130_S_1200,1922-01-01,1.0
012_S_1133,1927-01-01,1.0
007_S_1206,1934-01-01,1.0
068_S_1191,1928-01-01,1.0
941_S_1197,1924-01-01,1.0
012_S_1212,1931-01-01,1.0
941_S_1194,1922-01-01,1.0
007_S_1222,1933-01-01,1.0
941_S_1202,1929-01-01,1.0
941_S_1203,1923-01-01,1.0
094_S_1241,1934-01-01,1.0
116_S_1232,1934-01-01,1.0
094_S_1267,1933-01-01,1.0
082_S_1256,1935-01-01,1.0
941_S_1195,1930-01-01,1.0
128_S_1242,1935-01-01,1.0
116_S_1249,1936-01-01,1.0
052_S_1250,1933-01-01,1.0
052_S_1251,1932-01-01,1.0
002_S_1261,1935-01-01,1.0
013_S_1276,1935-01-01,1.0
002_S_1280,1936-01-01,1.0
020_S_1288,1947-01-01,1.0
100_S_1286,1931-01-01,1.0
023_S_1306,1932-01-01,1.0
131_S_1301,1934-01-01,1.0
094_S_2201,1947-01-01,1.0
027_S_6001,1944-01-01,1.0
024_S_6005,1949-01-01,1.0
141_S_6008,1954-01-01,1.0
002_S_6007,1940-01-01,1.0
002_S_6009,1949-01-01,1.0
002_S_6011,1944-01-01,1.0
002_S_6012,1935-01-01,1.0
141_S_6015,1949-01-01,1.0
099_S_6016,1951-01-01,1.0
130_S_6019,1935-01-01,1.0
130_S_6023,1944-01-01,1.0
099_S_6025,1937-01-01,1.0
002_S_6021,1949-01-01,1.0
130_S_6027,1941-01-01,1.0
130_S_6028,1938-01-01,1.0
002_S_6030,1952-01-01,1.0
037_S_6032,1951-01-01,1.0
003_S_6036,1956-01-01,1.0
130_S_6037,1950-01-01,1.0
099_S_6038,1940-01-01,1.0
037_S_6031,1950-01-01,1.0
941_S_6044,1942-01-01,1.0
141_S_6042,1956-01-01,1.0
168_S_6049,1944-01-01,1.0
037_S_6046,1941-01-01,1.0
168_S_6051,1951-01-01,1.0
067_S_6045,1945-01-01,1.0
941_S_6054,1938-01-01,1.0
002_S_6053,1951-01-01,1.0
141_S_6048,1932-01-01,1.0
941_S_6058,1949-01-01,1.0
168_S_6059,1952-01-01,1.0
137_S_6060,1948-01-01,1.0
114_S_6057,1945-01-01,1.0
141_S_6061,1943-01-01,1.0
130_S_6043,1938-01-01,1.0
114_S_6063,1943-01-01,1.0
168_S_6064,1948-01-01,1.0
168_S_6062,1950-01-01,1.0
022_S_6069,1944-01-01,1.0
002_S_6066,1949-01-01,1.0
002_S_6070,1951-01-01,1.0
168_S_6065,1946-01-01,1.0
014_S_6076,1958-01-01,1.0
129_S_6082,1949-01-01,1.0
130_S_6035,1933-01-01,1.0
941_S_6080,1940-01-01,1.0
005_S_6084,1939-01-01,1.0
003_S_6067,1954-01-01,1.0
067_S_6078,1946-01-01,1.0
168_S_6085,1961-01-01,1.0
168_S_6086,1948-01-01,1.0
036_S_6088,1948-01-01,1.0
099_S_6077,1958-01-01,1.0
129_S_6089,1951-01-01,1.0
129_S_6090,1949-01-01,1.0
941_S_6094,1948-01-01,1.0
168_S_6098,1954-01-01,1.0
003_S_6091,1941-01-01,1.0
116_S_6074,1951-01-01,1.0
130_S_6105,1942-01-01,1.0
002_S_6103,1947-01-01,1.0
005_S_6093,1956-01-01,1.0
135_S_6104,1948-01-01,1.0
168_S_6107,1952-01-01,1.0
114_S_6113,1941-01-01,1.0
022_S_6112,1950-01-01,1.0
014_S_6109,1950-01-01,1.0
168_S_6108,1946-01-01,1.0
141_S_6116,1948-01-01,1.0
137_S_6106,1961-01-01,1.0
130_S_6111,1945-01-01,1.0
130_S_6114,1950-01-01,1.0
123_S_6118,1943-01-01,1.0
116_S_6119,1950-01-01,1.0
099_S_6097,1943-01-01,1.0
168_S_6121,1949-01-01,1.0
127_S_6024,1950-01-01,1.0
007_S_6120,1950-01-01,1.0
094_S_6122,1944-01-01,1.0
011_S_6130,1933-01-01,1.0
037_S_6115,1946-01-01,1.0
168_S_6128,1948-01-01,1.0
116_S_6133,1948-01-01,1.0
137_S_6135,1951-01-01,1.0
041_S_6136,1956-01-01,1.0
020_S_6140,1958-01-01,1.0
116_S_6129,1955-01-01,1.0
168_S_6131,1949-01-01,1.0
067_S_6117,1952-01-01,1.0
130_S_6137,1936-01-01,1.0
037_S_6144,1952-01-01,1.0
129_S_6146,1952-01-01,1.0
009_S_6149,1952-01-01,1.0
003_S_6092,1953-01-01,1.0
035_S_6156,1942-01-01,1.0
168_S_6151,1952-01-01,1.0
014_S_6145,1947-01-01,1.0
041_S_6159,1941-01-01,1.0
035_S_6160,1957-01-01,1.0
094_S_6152,1951-01-01,1.0
131_S_6154,1943-01-01,1.0
014_S_6148,1939-01-01,1.0
130_S_6161,1951-01-01,1.0
100_S_6164,1949-01-01,1.0
141_S_6150,1959-01-01,1.0
141_S_6171,1945-01-01,1.0
094_S_6162,1951-01-01,1.0
141_S_6172,1953-01-01,1.0
141_S_6176,1962-01-01,1.0
141_S_6177,1955-01-01,1.0
141_S_6178,1952-01-01,1.0
141_S_6181,1962-01-01,1.0
024_S_6184,1947-01-01,1.0
020_S_6185,1935-01-01,1.0
019_S_6186,1927-01-01,1.0
027_S_6183,1952-01-01,1.0
070_S_6191,1962-01-01,1.0
127_S_6173,1947-01-01,1.0
305_S_6157,1950-01-01,1.0
035_S_6195,1947-01-01,1.0
036_S_6189,1948-01-01,1.0
141_S_6198,1952-01-01,1.0
041_S_6192,1934-01-01,1.0
009_S_6163,1949-01-01,1.0
035_S_6200,1945-01-01,1.0
127_S_6167,1951-01-01,1.0
024_S_6202,1948-01-01,1.0
014_S_6199,1948-01-01,1.0
018_S_6207,1947-01-01,1.0
006_S_6209,1945-01-01,1.0
127_S_6168,1942-01-01,1.0
032_S_6211,1937-01-01,1.0
003_S_6158,1953-01-01,1.0
127_S_6147,1948-01-01,1.0
009_S_6212,1946-01-01,1.0
301_S_6224,1942-01-01,1.0
020_S_6227,1956-01-01,1.0
168_S_6233,1941-01-01,1.0
006_S_6234,1947-01-01,1.0
131_S_6153,1944-01-01,1.0
131_S_6170,1960-01-01,1.0
014_S_6210,1951-01-01,1.0
141_S_6235,1952-01-01,1.0
153_S_6237,1957-01-01,1.0
003_S_6014,1951-01-01,1.0
041_S_6226,1952-01-01,1.0
129_S_6228,1943-01-01,1.0
141_S_6240,1951-01-01,1.0
109_S_6213,1947-01-01,1.0
129_S_6244,1951-01-01,1.0
305_S_6188,1952-01-01,1.0
141_S_6253,1951-01-01,1.0
099_S_6175,1948-01-01,1.0
082_S_6197,1946-01-01,1.0
003_S_6256,1951-01-01,1.0
094_S_6190,1956-01-01,1.0
094_S_6242,1956-01-01,1.0
037_S_6187,1943-01-01,1.0
301_S_6265,1949-01-01,1.0
033_S_6266,1952-01-01,1.0
114_S_6251,1952-01-01,1.0
003_S_6257,1956-01-01,1.0
098_S_6267,1949-01-01,1.0
023_S_6270,1962-01-01,1.0
007_S_6255,1942-01-01,1.0
127_S_6203,1950-01-01,1.0
037_S_6204,1952-01-01,1.0
006_S_6277,1947-01-01,1.0
094_S_6275,1959-01-01,1.0
032_S_6279,1929-01-01,1.0
094_S_6269,1947-01-01,1.0
168_S_6281,1938-01-01,1.0
094_S_6250,1946-01-01,1.0
020_S_6282,1942-01-01,1.0
168_S_6285,1951-01-01,1.0
003_S_6259,1946-01-01,1.0
037_S_6248,1932-01-01,1.0
032_S_6290,1951-01-01,1.0
003_S_6261,1941-01-01,1.0
032_S_6293,1931-01-01,1.0
009_S_6286,1947-01-01,1.0
127_S_6232,1952-01-01,1.0
129_S_6288,1945-01-01,1.0
029_S_6289,1961-01-01,1.0
032_S_6294,1935-01-01,1.0
052_S_6296,1949-01-01,1.0
033_S_6298,1948-01-01,1.0
035_S_6306,1945-01-01,1.0
100_S_6273,1952-01-01,1.0
129_S_6304,1951-01-01,1.0
082_S_6283,1951-01-01,1.0
007_S_6310,1951-01-01,1.0
168_S_6318,1948-01-01,1.0
100_S_6308,1947-01-01,1.0
114_S_6309,1953-01-01,1.0
305_S_6313,1959-01-01,1.0
130_S_6319,1950-01-01,1.0
041_S_6292,1941-01-01,1.0
041_S_6314,1944-01-01,1.0
135_S_6302,1947-01-01,1.0
021_S_6312,1938-01-01,1.0
168_S_6320,1952-01-01,1.0
007_S_6323,1952-01-01,1.0
301_S_6326,1942-01-01,1.0
177_S_6328,1948-01-01,1.0
036_S_6316,1940-01-01,1.0
168_S_6321,1945-01-01,1.0
082_S_6287,1948-01-01,1.0
027_S_6317,1936-01-01,1.0
027_S_6327,1941-01-01,1.0
100_S_6332,1943-01-01,1.0
177_S_6335,1951-01-01,1.0
037_S_6271,1956-01-01,1.0
941_S_6333,1940-01-01,1.0
098_S_6343,1951-01-01,1.0
023_S_6346,1951-01-01,1.0
168_S_6350,1940-01-01,1.0
018_S_6351,1944-01-01,1.0
094_S_6278,1937-01-01,1.0
020_S_6358,1943-01-01,1.0
011_S_6367,1937-01-01,1.0
100_S_6349,1944-01-01,1.0
135_S_6359,1950-01-01,1.0
135_S_6360,1950-01-01,1.0
098_S_6362,1935-01-01,1.0
014_S_6366,1959-01-01,1.0
130_S_6372,1934-01-01,1.0
116_S_6340,1958-01-01,1.0
006_S_6375,1949-01-01,1.0
033_S_6352,1946-01-01,1.0
168_S_6371,1951-01-01,1.0
006_S_6383,1943-01-01,1.0
016_S_6381,1945-01-01,1.0
041_S_6354,1947-01-01,1.0
024_S_6385,1951-01-01,1.0
070_S_6386,1949-01-01,1.0
099_S_6344,1942-01-01,1.0
023_S_6374,1954-01-01,1.0
003_S_6260,1949-01-01,1.0
070_S_6394,1951-01-01,1.0
116_S_6395,1962-01-01,1.0
941_S_6384,1948-01-01,1.0
127_S_6330,1948-01-01,1.0
041_S_6401,1942-01-01,1.0
005_S_6393,1956-01-01,1.0
099_S_6396,1943-01-01,1.0
023_S_6399,1954-01-01,1.0
168_S_6413,1940-01-01,1.0
177_S_6338,1956-01-01,1.0
130_S_6361,1940-01-01,1.0
141_S_6416,1949-01-01,1.0
023_S_6400,1954-01-01,1.0
002_S_6404,1952-01-01,1.0
177_S_6408,1958-01-01,1.0
135_S_6411,1947-01-01,1.0
011_S_6418,1951-01-01,1.0
130_S_6390,1949-01-01,1.0
130_S_6391,1952-01-01,1.0
127_S_6331,1949-01-01,1.0
023_S_6407,1953-01-01,1.0
941_S_6422,1952-01-01,1.0
014_S_6424,1952-01-01,1.0
114_S_6429,1949-01-01,1.0
067_S_6138,1949-01-01,1.0
094_S_6417,1940-01-01,1.0
014_S_6437,1942-01-01,1.0
116_S_6439,1952-01-01,1.0
177_S_6409,1960-01-01,1.0
094_S_6419,1942-01-01,1.0
127_S_6365,1952-01-01,1.0
067_S_6442,1940-01-01,1.0
067_S_6443,1940-01-01,1.0
023_S_6444,1943-01-01,1.0
177_S_6420,1946-01-01,1.0
020_S_6449,1952-01-01,1.0
003_S_6307,1942-01-01,1.0
129_S_6452,1956-01-01,1.0
941_S_6454,1946-01-01,1.0
002_S_6456,1932-01-01,1.0
011_S_6465,1951-01-01,1.0
305_S_6438,1946-01-01,1.0
094_S_6440,1950-01-01,1.0
007_S_6455,1950-01-01,1.0
177_S_6448,1950-01-01,1.0
116_S_6458,1944-01-01,1.0
052_S_6412,1951-01-01,1.0
041_S_6447,1947-01-01,1.0
130_S_6469,1947-01-01,1.0
941_S_6471,1946-01-01,1.0
024_S_6472,1950-01-01,1.0
129_S_6457,1943-01-01,1.0
114_S_6462,1948-01-01,1.0
116_S_6464,1945-01-01,1.0
100_S_6477,1951-01-01,1.0
036_S_6466,1950-01-01,1.0
020_S_6470,1949-01-01,1.0
135_S_6473,1952-01-01,1.0
035_S_6488,1941-01-01,1.0
341_S_6494,1952-01-01,1.0
129_S_6459,1952-01-01,1.0
094_S_6468,1949-01-01,1.0
114_S_6487,1950-01-01,1.0
127_S_6436,1948-01-01,1.0
094_S_6485,1947-01-01,1.0
006_S_6500,1951-01-01,1.0
099_S_6476,1943-01-01,1.0
941_S_6495,1935-01-01,1.0
941_S_6496,1933-01-01,1.0
941_S_6499,1949-01-01,1.0
301_S_6501,1944-01-01,1.0
014_S_6502,1951-01-01,1.0
141_S_6423,1937-01-01,1.0
135_S_6509,1953-01-01,1.0
116_S_6517,1949-01-01,1.0
168_S_6492,1948-01-01,1.0
020_S_6504,1949-01-01,1.0
032_S_6526,1954-01-01,1.0
135_S_6510,1951-01-01,1.0
020_S_6513,1952-01-01,1.0
141_S_6520,1946-01-01,1.0
007_S_6515,1928-01-01,1.0
301_S_6530,1953-01-01,1.0
116_S_6532,1962-01-01,1.0
082_S_6415,1946-01-01,1.0
027_S_6516,1942-01-01,1.0
131_S_6519,1943-01-01,1.0
014_S_6522,1947-01-01,1.0
116_S_6537,1947-01-01,1.0
941_S_6514,1944-01-01,1.0
114_S_6524,1952-01-01,1.0
109_S_6405,1947-01-01,1.0
127_S_6348,1949-01-01,1.0
127_S_6357,1950-01-01,1.0
007_S_6521,1952-01-01,1.0
070_S_6542,1955-01-01,1.0
109_S_6218,1955-01-01,1.0
023_S_6547,1951-01-01,1.0
035_S_6551,1945-01-01,1.0
941_S_6546,1938-01-01,1.0
070_S_6548,1962-01-01,1.0
010_S_6555,1947-01-01,1.0
126_S_6559,1952-01-01,1.0
168_S_6561,1950-01-01,1.0
020_S_6566,1945-01-01,1.0
010_S_6567,1957-01-01,1.0
033_S_6572,1950-01-01,1.0
941_S_6570,1947-01-01,1.0
027_S_6577,1951-01-01,1.0
067_S_6518,1952-01-01,1.0
067_S_6528,1953-01-01,1.0
100_S_6493,1939-01-01,1.0
082_S_6563,1950-01-01,1.0
027_S_6582,1951-01-01,1.0
941_S_6574,1945-01-01,1.0
941_S_6575,1945-01-01,1.0
100_S_6578,1951-01-01,1.0
941_S_6580,1938-01-01,1.0
941_S_6581,1944-01-01,1.0
082_S_6564,1947-01-01,1.0
141_S_6589,1951-01-01,1.0
130_S_6558,1947-01-01,1.0
941_S_6607,1936-01-01,1.0
129_S_6621,1961-01-01,1.0
116_S_6624,1953-01-01,1.0
033_S_6625,1951-01-01,1.0
137_S_6599,1939-01-01,1.0
082_S_6629,1961-01-01,1.0
003_S_6644,1932-01-01,1.0
341_S_6653,1950-01-01,1.0
137_S_6628,1948-01-01,1.0
137_S_6636,1940-01-01,1.0
002_S_6680,1954-01-01,1.0
022_S_6506,1948-01-01,1.0
029_S_6505,1955-01-01,1.0
032_S_6699,1952-01-01,1.0
032_S_6701,1948-01-01,1.0
129_S_6704,1953-01-01,1.0
032_S_6709,1950-01-01,1.0
011_S_6714,1955-01-01,1.0
016_S_6711,1956-01-01,1.0
032_S_6717,1944-01-01,1.0
035_S_6722,1938-01-01,1.0
941_S_6254,1950-01-01,1.0
035_S_6730,1945-01-01,1.0
035_S_6739,1951-01-01,1.0
098_S_6734,1946-01-01,1.0
035_S_6751,1951-01-01,1.0
131_S_6692,1943-01-01,1.0
116_S_6750,1944-01-01,1.0
016_S_6773,1964-01-01,1.0
003_S_6490,1957-01-01,1.0
035_S_6782,1951-01-01,1.0
016_S_6790,1941-01-01,1.0
023_S_6792,1958-01-01,1.0
013_S_6780,1956-01-01,1.0
023_S_6795,1951-01-01,1.0
137_S_6794,1952-01-01,1.0
016_S_6799,1952-01-01,1.0
022_S_6797,1952-01-01,1.0
041_S_6785,1954-01-01,1.0
016_S_6802,1956-01-01,1.0
041_S_6786,1932-01-01,1.0
041_S_6801,1958-01-01,1.0
114_S_6813,1952-01-01,1.0
022_S_6822,1958-01-01,1.0
014_S_6831,1943-01-01,1.0
137_S_6826,1951-01-01,1.0
016_S_6834,1937-01-01,1.0
035_S_6841,1945-01-01,1.0
130_S_6388,1940-01-01,1.0
016_S_6853,1953-01-01,1.0
033_S_6859,1959-01-01,1.0
141_S_6872,1954-01-01,1.0
070_S_6886,1940-01-01,1.0
016_S_6892,1955-01-01,1.0
021_S_6896,1956-01-01,1.0
073_S_6907,1954-01-01,1.0
021_S_6910,1944-01-01,1.0
021_S_6914,1951-01-01,1.0
114_S_6917,1956-01-01,1.0
014_S_6920,1955-01-01,1.0
021_S_6918,1963-01-01,1.0
003_S_6915,1957-01-01,1.0
003_S_6924,1961-01-01,1.0
073_S_6670,1962-01-01,1.0
073_S_6925,1964-01-01,1.0
016_S_6931,1948-01-01,1.0
016_S_6934,1954-01-01,1.0
014_S_6935,1950-01-01,1.0
016_S_6943,1946-01-01,1.0
035_S_6948,1951-01-01,1.0
035_S_6946,1944-01-01,1.0
016_S_6941,1959-01-01,1.0
035_S_6950,1946-01-01,1.0
021_S_6940,1948-01-01,1.0
070_S_6942,1961-01-01,1.0
067_S_6957,1943-01-01,1.0
067_S_6958,1945-01-01,1.0
341_S_6960,1959-01-01,1.0
033_S_6969,1952-01-01,1.0
037_S_6956,1956-01-01,1.0
003_S_6959,1956-01-01,1.0
070_S_6966,1959-01-01,1.0
016_S_6971,1948-01-01,1.0
073_S_6928,1966-01-01,1.0
035_S_6967,1951-01-01,1.0
073_S_6952,1954-01-01,1.0
341_S_6979,1951-01-01,1.0
037_S_6974,1940-01-01,1.0
037_S_6977,1964-01-01,1.0
021_S_6978,1939-01-01,1.0
067_S_6980,1949-01-01,1.0
341_S_6981,1955-01-01,1.0
037_S_6963,1964-01-01,1.0
014_S_6988,1938-01-01,1.0
021_S_6987,1956-01-01,1.0
014_S_6990,1953-01-01,1.0
037_S_6951,1966-01-01,1.0
003_S_6996,1957-01-01,1.0
021_S_6994,1960-01-01,1.0
037_S_6993,1963-01-01,1.0
941_S_6998,1964-01-01,1.0
037_S_6991,1953-01-01,1.0
035_S_6999,1951-01-01,1.0
037_S_6995,1963-01-01,1.0
037_S_6992,1969-01-01,1.0
035_S_7004,1965-01-01,1.0
003_S_7010,1962-01-01,1.0
019_S_7016,1955-01-01,1.0
037_S_7006,1964-01-01,1.0
341_S_7018,1958-01-01,1.0
037_S_7011,1971-01-01,1.0
037_S_7012,1964-01-01,1.0
027_S_7024,1947-01-01,1.0
041_S_7017,1946-01-01,1.0
035_S_7030,1966-01-01,1.0
011_S_7022,1958-01-01,1.0
941_S_7046,1950-01-01,1.0
129_S_7042,1960-01-01,1.0
035_S_7043,1959-01-01,1.0
011_S_7028,1956-01-01,1.0
021_S_7045,1953-01-01,1.0
031_S_6870,1939-01-01,1.0
035_S_7050,1954-01-01,1.0
941_S_7051,1958-01-01,1.0
011_S_7048,1960-01-01,1.0
021_S_7047,1952-01-01,1.0
067_S_7059,1964-01-01,1.0
021_S_7055,1952-01-01,1.0
067_S_7061,1963-01-01,1.0
067_S_7063,1965-01-01,1.0
021_S_7062,1952-01-01,1.0
067_S_7068,1959-01-01,1.0
014_S_7072,1959-01-01,1.0
941_S_7074,1951-01-01,1.0
035_S_7076,1959-01-01,1.0
035_S_7077,1956-01-01,1.0
014_S_7080,1965-01-01,1.0
941_S_7087,1955-01-01,1.0
011_S_7089,1956-01-01,1.0
941_S_7091,1960-01-01,1.0
021_S_7092,1953-01-01,1.0
033_S_7095,1948-01-01,1.0
037_S_7035,1968-01-01,1.0
067_S_7094,1963-01-01,1.0
067_S_7096,1953-01-01,1.0
073_S_7082,1961-01-01,1.0
033_S_7100,1949-01-01,1.0
341_S_7102,1946-01-01,1.0
153_S_7104,1957-01-01,1.0
013_S_7103,1964-01-01,1.0
016_S_6909,1949-01-01,1.0
033_S_7114,1957-01-01,1.0
011_S_7112,1965-01-01,1.0
035_S_7115,1942-01-01,1.0
153_S_7113,1967-01-01,1.0
013_S_7118,1963-01-01,1.0
035_S_7123,1942-01-01,1.0
082_S_7122,1955-01-01,1.0
020_S_7098,1955-01-01,1.0
