Subject ID,Description,PTDOBYY
002_S_0413,MPRAGE_REPE,1929-01-01
002_S_0559,MPRAGE SENS,1927-01-01
002_S_1261,MPRAGE REPEAT,1935-01-01
002_S_1280,MPRAGE,1936-01-01
002_S_6007,Accelerated Sagittal MPRAGE,1940-01-01
002_S_6009,Accelerated Sagittal MPRAGE,1949-01-01
002_S_6030,Accelerated Sagittal MPRAGE,1952-01-01
002_S_6053,Accelerated Sagittal MPRAGE,1951-01-01
002_S_6066,Accelerated Sagittal MPRAGE,1949-01-01
002_S_6103,Accelerated Sagittal MPRAGE,1947-01-01
002_S_6404,Accelerated Sagittal MPRAGE,1952-01-01
002_S_6456,Accelerated Sagittal MPRAGE,1932-01-01
002_S_6680,Accelerated Sagittal MPRAGE,1954-01-01
003_S_0907,MPRAGE,1918-01-01
003_S_0931,MPRAGE,1920-01-01
003_S_0981,MPRAGE,1922-01-01
003_S_1021,MPRAGE,1919-01-01
003_S_6014,Accelerated Sagittal MPRAGE,1951-01-01
003_S_6067,Accelerated Sagittal MPRAGE,1954-01-01
003_S_6092,Accelerated Sagittal MPRAGE,1953-01-01
003_S_6256,Accelerated Sagittal MPRAGE,1951-01-01
003_S_6257,Accelerated Sagittal MPRAGE,1956-01-01
003_S_6259,Accelerated Sagittal MPRAGE,1946-01-01
003_S_6260,Accelerated Sagittal MPRAGE,1949-01-01
003_S_6307,Accelerated Sagittal MPRAGE,1942-01-01
003_S_6490,Accelerated Sagittal MPRAGE,1957-01-01
003_S_6644,Accelerated Sagittal MPRAGE,1932-01-01
003_S_6915,Accelerated Sagittal MPRAGE,1957-01-01
003_S_6924,Accelerated Sagittal MPRAGE,1961-01-01
003_S_6959,Accelerated Sagittal MPRAGE,1956-01-01
003_S_6996,Accelerated Sagittal MPRAGE,1957-01-01
003_S_7010,Accelerated Sagittal MPRAGE,1962-01-01
006_S_6209,Sagittal 3D Accelerated MPRAGE,1945-01-01
006_S_6234,Sagittal 3D Accelerated MPRAGE,1947-01-01
006_S_6277,Sagittal 3D Accelerated MPRAGE,1947-01-01
006_S_6375,Sagittal 3D Accelerated MPRAGE,1949-01-01
006_S_6500,Sagittal 3D Accelerated MPRAGE,1951-01-01
007_S_6120,Accelerated Sagittal MPRAGE,1950-01-01
007_S_6255,Accelerated Sagittal MPRAGE,1942-01-01
007_S_6310,Accelerated Sagittal MPRAGE,1951-01-01
007_S_6323,Accelerated Sagittal MPRAGE,1952-01-01
007_S_6455,Accelerated Sagittal MPRAGE,1950-01-01
007_S_6515,Accelerated Sagittal MPRAGE,1928-01-01
007_S_6521,Accelerated Sagittal MPRAGE,1952-01-01
010_S_0067,ADNI       MPRAGE,1931-01-01
010_S_0419,ADNI       MPRAGE,1936-01-01
010_S_0420,MPRAGE,1932-01-01
010_S_0472,MPRAGE SENS,1934-01-01
011_S_0002,MPRAGE Repeat,1931-01-01
011_S_0005,MPRAGE Repeat,1931-01-01
011_S_0008,MPRAGE Repeat,1921-01-01
011_S_0016,MPRAGE,1940-01-01
011_S_0021,MPRAGE Repeat,1933-01-01
011_S_0022,MPRAGE,1942-01-01
011_S_0023,MPRAGE Repeat,1934-01-01
011_S_6367,Accelerated Sagittal MPRAGE,1937-01-01
011_S_6418,Accelerated Sagittal MPRAGE,1951-01-01
011_S_6465,Accelerated Sagittal MPRAGE,1951-01-01
011_S_6714,Accelerated Sagittal MPRAGE,1955-01-01
011_S_7028,Accelerated Sagittal MPRAGE,1956-01-01
011_S_7048,Accelerated Sagittal MPRAGE,1960-01-01
011_S_7112,Accelerated Sagittal MPRAGE,1965-01-01
012_S_0637,MPRAGE SENS,1930-01-01
012_S_1009,MPRAGE,1930-01-01
012_S_1133,MPRAGE,1927-01-01
012_S_1212,MPRAGE,1931-01-01
013_S_0502,MPRAGE Repeat,1931-01-01
013_S_0575,MPRAGE,1920-01-01
013_S_1035,MPRAGE Repeat,1919-01-01
013_S_1276,MPRAGE,1935-01-01
013_S_6780,Accelerated Sagittal MPRAGE,1956-01-01
013_S_7103,Accelerated Sagittal MPRAGE_ND,1964-01-01
014_S_6076,Accelerated Sagittal MPRAGE,1958-01-01
014_S_6145,Accelerated Sagittal MPRAGE,1947-01-01
014_S_6148,Accelerated Sagittal MPRAGE,1939-01-01
014_S_6199,Accelerated Sagittal MPRAGE_ND,1948-01-01
014_S_6210,Accelerated Sagittal MPRAGE_ND,1951-01-01
014_S_6366,Accelerated Sagittal MPRAGE_ND,1959-01-01
014_S_6424,Accelerated Sagittal MPRAGE,1952-01-01
014_S_6437,Accelerated Sagittal MPRAGE,1942-01-01
014_S_6502,Accelerated Sagittal MPRAGE,1951-01-01
014_S_6522,Accelerated Sagittal MPRAGE_ND,1947-01-01
014_S_6831,Accelerated Sagittal MPRAGE,1943-01-01
014_S_6920,Accelerated Sagittal MPRAGE_ND,1955-01-01
014_S_6935,Accelerated Sagittal MPRAGE,1950-01-01
014_S_6988,Accelerated Sagittal MPRAGE_ND,1938-01-01
014_S_7072,Accelerated Sagittal MPRAGE_ND,1959-01-01
014_S_7080,Accelerated Sagittal MPRAGE,1965-01-01
016_S_0359,MPRAGE Repeat,1924-01-01
016_S_0538,MPRAGE Repeat,1923-01-01
016_S_6381,Accelerated Sagittal MPRAGE,1945-01-01
016_S_6773,Accelerated Sagittal MPRAGE,1964-01-01
016_S_6802,Accelerated Sagittal MPRAGE,1956-01-01
016_S_6834,Accelerated Sagittal MPRAGE,1937-01-01
016_S_6853,Accelerated Sagittal MPRAGE,1953-01-01
016_S_6892,Accelerated Sagittal MPRAGE,1955-01-01
016_S_6931,Accelerated Sagittal MPRAGE,1948-01-01
016_S_6934,Accelerated Sagittal MPRAGE,1954-01-01
016_S_6941,Accelerated Sagittal MPRAGE,1959-01-01
016_S_6943,Accelerated Sagittal MPRAGE,1946-01-01
016_S_6971,Accelerated Sagittal MPRAGE,1948-01-01
018_S_0043,ADNI       MPRAGE-1.2*,1929-01-01
018_S_0055,ADNI       MPRAGE-1.2*,1930-01-01
018_S_0369,MPRAGE SENS,1930-01-01
018_S_0425,MPRAGE SENS,1920-01-01
018_S_6207,Sagittal 3D Accelerated MPRAGE,1947-01-01
018_S_6351,Sagittal 3D Accelerated MPRAGE,1944-01-01
019_S_6186,Sagittal 3D Accelerated MPRAGE,1927-01-01
020_S_0097,MPRAGE,1933-01-01
020_S_0883,MPRAGE,1930-01-01
020_S_0899,MPRAGE,1926-01-01
020_S_1288,MPRAGE Repeat,1947-01-01
020_S_6185,Accelerated Sagittal MPRAGE,1935-01-01
020_S_6227,Accelerated Sagittal MPRAGE,1956-01-01
020_S_6282,Accelerated Sagittal MPRAGE,1942-01-01
020_S_6358,Accelerated Sagittal MPRAGE,1943-01-01
020_S_6449,Accelerated Sagittal MPRAGE,1952-01-01
020_S_6470,Accelerated Sagittal MPRAGE,1949-01-01
020_S_6504,Accelerated Sagittal MPRAGE,1949-01-01
020_S_6513,Accelerated Sagittal MPRAGE,1952-01-01
020_S_6566,Accelerated Sagittal MPRAGE,1945-01-01
020_S_7098,Accelerated Sagittal MPRAGE,1955-01-01
022_S_0014,MPRAGE Repeat,1927-01-01
022_S_0066,MPRAGE Repeat,1931-01-01
022_S_0096,MPRAGE Repeat,1926-01-01
022_S_0130,MPRAGE Repeat,1932-01-01
022_S_6069,Accelerated Sagittal MPRAGE,1944-01-01
022_S_6797,Accelerated Sagittal MPRAGE,1952-01-01
022_S_6822,Accelerated Sagittal MPRAGE,1958-01-01
023_S_0031,MPRAGE Repeat,1928-01-01
023_S_0058,MPRAGE Repeat,1935-01-01
023_S_0061,MPRAGE,1928-01-01
023_S_0081,MPRAGE Repeat,1935-01-01
023_S_0926,MPRAGE,1935-01-01
023_S_0963,MPRAGE Repeat,1934-01-01
023_S_1190,MPRAGE Repeat,1930-01-01
023_S_1306,MPRAGE,1932-01-01
023_S_6270,Accelerated Sagittal MPRAGE,1962-01-01
023_S_6346,Accelerated Sagittal MPRAGE,1951-01-01
023_S_6374,Accelerated Sagittal MPRAGE,1954-01-01
023_S_6399,Accelerated Sagittal MPRAGE,1954-01-01
023_S_6400,Accelerated Sagittal MPRAGE,1954-01-01
023_S_6547,Accelerated Sagittal MPRAGE,1951-01-01
023_S_6795,Accelerated Sagittal MPRAGE,1951-01-01
024_S_6005,Accelerated Sagittal MPRAGE,1949-01-01
024_S_6184,Accelerated Sagittal MPRAGE,1947-01-01
024_S_6202,Accelerated Sagittal MPRAGE,1948-01-01
024_S_6385,Accelerated Sagittal MPRAGE,1951-01-01
024_S_6472,Accelerated Sagittal MPRAGE,1950-01-01
027_S_0403,MPRAGE,1929-01-01
032_S_0095,ADNI       MPRAGE,1934-01-01
032_S_0479,MPRAGE,1932-01-01
032_S_0677,MPRAGE,1935-01-01
032_S_1169,MPRAGE,1934-01-01
032_S_6211,Accelerated Sagittal MPRAGE,1937-01-01
032_S_6279,Accelerated Sagittal MPRAGE,1929-01-01
032_S_6293,Accelerated Sagittal MPRAGE,1931-01-01
032_S_6294,Accelerated Sagittal MPRAGE,1935-01-01
032_S_6699,Accelerated Sagittal MPRAGE,1952-01-01
032_S_6701,Accelerated Sagittal MPRAGE,1948-01-01
032_S_6709,Accelerated Sagittal MPRAGE,1950-01-01
032_S_6717,Accelerated Sagittal MPRAGE,1944-01-01
033_S_0920,MPRAGE,1926-01-01
033_S_1016,MPRAGE,1928-01-01
033_S_1086,MPRAGE,1925-01-01
033_S_1098,MPRAGE Repeat,1934-01-01
033_S_6266,Accelerated Sagittal MPRAGE,1952-01-01
033_S_6298,Accelerated Sagittal MPRAGE,1948-01-01
033_S_6352,Accelerated Sagittal MPRAGE,1946-01-01
033_S_6572,Accelerated Sagittal MPRAGE,1950-01-01
033_S_6969,Accelerated Sagittal MPRAGE,1952-01-01
033_S_7100,Accelerated Sagittal MPRAGE,1949-01-01
033_S_7114,Accelerated Sagittal MPRAGE,1957-01-01
035_S_0048,MPRAGE,1927-01-01
035_S_0156,MPRAGE,1931-01-01
035_S_0555,MPRAGE,1929-01-01
035_S_6156,Accelerated Sagittal MPRAGE,1942-01-01
035_S_6160,Accelerated Sagittal MPRAGE,1957-01-01
035_S_6195,Accelerated Sagittal MPRAGE,1947-01-01
035_S_6200,Accelerated Sagittal MPRAGE,1945-01-01
035_S_6306,Accelerated Sagittal MPRAGE,1945-01-01
035_S_6488,Accelerated Sagittal MPRAGE,1941-01-01
035_S_6551,Accelerated Sagittal MPRAGE,1945-01-01
035_S_6722,Accelerated Sagittal MPRAGE,1938-01-01
035_S_6730,Accelerated Sagittal MPRAGE,1945-01-01
035_S_6739,Accelerated Sagittal MPRAGE,1951-01-01
035_S_6751,Accelerated Sagittal MPRAGE,1951-01-01
035_S_6946,Accelerated Sagittal MPRAGE Phase A-P,1944-01-01
035_S_6948,Accelerated Sagittal MPRAGE Phase A-P,1951-01-01
035_S_6950,Accelerated Sagittal MPRAGE Phase A-P,1946-01-01
035_S_6967,Accelerated Sagittal MPRAGE Phase A-P,1951-01-01
035_S_6999,Accelerated Sagittal MPRAGE Phase A-P,1951-01-01
035_S_7004,Accelerated Sagittal MPRAGE Phase A-P,1965-01-01
035_S_7030,Accelerated Sagittal MPRAGE Phase A-P,1966-01-01
035_S_7043,Accelerated Sagittal MPRAGE Phase A-P,1959-01-01
035_S_7050,Accelerated Sagittal MPRAGE Phase A-P,1954-01-01
035_S_7076,Accelerated Sagittal MPRAGE Phase A-P,1959-01-01
035_S_7115,Accelerated Sagittal MPRAGE Phase A-P,1942-01-01
035_S_7123,Accelerated Sagittal MPRAGE Phase A-P,1942-01-01
036_S_0576,MPRAGE Repeat,1928-01-01
036_S_0672,MPRAGE Repeat,1944-01-01
036_S_0813,MPRAGE,1933-01-01
036_S_1023,MPRAGE Repeat,1929-01-01
036_S_6088,Accelerated Sagittal MPRAGE,1948-01-01
036_S_6189,Accelerated Sagittal MPRAGE,1948-01-01
036_S_6316,Accelerated Sagittal MPRAGE,1940-01-01
036_S_6466,Accelerated Sagittal MPRAGE,1950-01-01
037_S_0303,MPRAGE,1921-01-01
037_S_6031,Accelerated Sagittal MPRAGE,1950-01-01
037_S_6032,Accelerated Sagittal MPRAGE,1951-01-01
037_S_6046,Accelerated Sagittal MPRAGE,1941-01-01
037_S_6115,Accelerated Sagittal MPRAGE,1946-01-01
037_S_6144,Accelerated Sagittal MPRAGE,1952-01-01
037_S_6187,Accelerated Sagittal MPRAGE,1943-01-01
037_S_6204,Accelerated Sagittal MPRAGE,1952-01-01
037_S_6271,Accelerated Sagittal MPRAGE,1956-01-01
037_S_6951,Accelerated Sagittal MPRAGE,1966-01-01
037_S_6956,Accelerated Sagittal MPRAGE,1956-01-01
037_S_6963,Accelerated Sagittal MPRAGE,1964-01-01
037_S_6974,Accelerated Sagittal MPRAGE,1940-01-01
037_S_6977,Accelerated Sagittal MPRAGE,1964-01-01
037_S_6992,Accelerated Sagittal MPRAGE,1969-01-01
037_S_6993,Accelerated Sagittal MPRAGE,1963-01-01
037_S_6995,Accelerated Sagittal MPRAGE,1963-01-01
037_S_7006,Accelerated Sagittal MPRAGE,1964-01-01
037_S_7011,Accelerated Sagittal MPRAGE,1971-01-01
037_S_7035,Accelerated Sagittal MPRAGE,1968-01-01
041_S_0125,MPRAGE Repeat,1932-01-01
041_S_0262,MPRAGE,1920-01-01
041_S_0898,MPRAGE Repeat,1923-01-01
041_S_1002,MPRAGE,1930-01-01
041_S_6136,Accelerated Sagittal MPRAGE,1956-01-01
041_S_6159,Accelerated Sagittal MPRAGE,1941-01-01
041_S_6192,Accelerated Sagittal MPRAGE,1934-01-01
041_S_6226,Accelerated Sagittal MPRAGE,1952-01-01
041_S_6292,Accelerated Sagittal MPRAGE,1941-01-01
041_S_6314,Accelerated Sagittal MPRAGE,1944-01-01
041_S_6354,Accelerated Sagittal MPRAGE,1947-01-01
041_S_6401,Accelerated Sagittal MPRAGE,1942-01-01
041_S_6447,Accelerated Sagittal MPRAGE,1947-01-01
041_S_6785,Accelerated Sagittal MPRAGE,1954-01-01
041_S_6786,Accelerated Sagittal MPRAGE,1932-01-01
041_S_6801,Accelerated Sagittal MPRAGE,1958-01-01
041_S_7017,Accelerated Sagittal MPRAGE,1946-01-01
051_S_1123,MPRAGE Repeat,1931-01-01
052_S_6412,Accelerated Sagittal MPRAGE,1951-01-01
057_S_0643,MPRAGE,1935-01-01
057_S_0779,MPRAGE Repeat,1927-01-01
057_S_0818,MPRAGE,1932-01-01
057_S_0934,MPRAGE Repeat,1936-01-01
062_S_0578,MPRAGE,1929-01-01
062_S_0768,MPRAGE Repeat,1929-01-01
062_S_1099,MPRAGE Repeat,1927-01-01
067_S_0019,MPRAGE Repeat,1932-01-01
067_S_0056,MPRAGE,1936-01-01
067_S_0059,MPRAGE,1935-01-01
067_S_0177,MPRAGE,1931-01-01
067_S_0257,MPRAGE,1927-01-01
067_S_6045,Accelerated Sagittal MPRAGE,1945-01-01
067_S_6117,Accelerated Sagittal MPRAGE,1952-01-01
067_S_6138,Accelerated Sagittal MPRAGE,1949-01-01
067_S_6442,Accelerated Sagittal MPRAGE,1940-01-01
067_S_6443,Accelerated Sagittal MPRAGE,1940-01-01
067_S_6518,Accelerated Sagittal MPRAGE,1952-01-01
067_S_6528,Accelerated Sagittal MPRAGE,1953-01-01
067_S_6957,Accelerated Sagittal MPRAGE,1943-01-01
067_S_6958,Accelerated Sagittal MPRAGE,1945-01-01
067_S_6980,ADNI3 Accelerated MPRAGE,1949-01-01
067_S_7059,Accelerated Sagittal MPRAGE,1964-01-01
067_S_7061,Accelerated Sagittal MPRAGE,1963-01-01
067_S_7063,Accelerated Sagittal MPRAGE,1965-01-01
067_S_7094,Accelerated Sagittal MPRAGE,1963-01-01
068_S_0127,ADNI       MPRAGE,1935-01-01
068_S_0210,ADNI       MPRAGE,1933-01-01
068_S_0473,ADNI       MPRAGE,1933-01-01
068_S_1191,ADNI       MPRAGE,1928-01-01
070_S_6191,Accelerated Sagittal MPRAGE,1962-01-01
070_S_6386,Accelerated Sagittal MPRAGE,1949-01-01
070_S_6394,Accelerated Sagittal MPRAGE_ND,1951-01-01
070_S_6542,Accelerated Sagittal MPRAGE_ND,1955-01-01
070_S_6548,Accelerated Sagittal MPRAGE,1962-01-01
070_S_6886,Accelerated Sagittal MPRAGE_ND,1940-01-01
070_S_6942,Accelerated Sagittal MPRAGE,1961-01-01
070_S_6966,Accelerated Sagittal MPRAGE_ND,1959-01-01
072_S_0315,MPRAGE SENS,1934-01-01
073_S_0089,MPRAGE Repeat,1940-01-01
073_S_0311,MPRAGE,1928-01-01
073_S_0312,MPRAGE,1923-01-01
073_S_0386,MPRAGE,1933-01-01
073_S_6670,Accelerated Sagittal MPRAGE,1962-01-01
073_S_6907,Accelerated Sagittal MPRAGE,1954-01-01
073_S_6925,Accelerated Sagittal MPRAGE,1964-01-01
073_S_6952,Accelerated Sagittal MPRAGE,1954-01-01
073_S_7082,Accelerated Sagittal MPRAGE,1961-01-01
082_S_0304,MPRAGE Repeat,1935-01-01
082_S_0363,MPRAGE Repeat,1934-01-01
082_S_0640,MPRAGE Repeat,1933-01-01
082_S_0761,MPRAGE Repeat,1935-01-01
082_S_1256,MPRAGE SAG,1935-01-01
082_S_6197,Accelerated Sagittal MPRAGE,1946-01-01
082_S_6283,Accelerated Sagittal MPRAGE,1951-01-01
082_S_6287,Accelerated Sagittal MPRAGE_ND,1948-01-01
082_S_6415,Accelerated Sagittal MPRAGE_ND,1946-01-01
082_S_6563,Accelerated Sagittal MPRAGE_ND,1950-01-01
082_S_6564,Accelerated Sagittal MPRAGE,1947-01-01
082_S_6629,Accelerated Sagittal MPRAGE_ND,1961-01-01
082_S_7122,Accelerated Sagittal MPRAGE,1955-01-01
094_S_6250,Accelerated Sagittal MPRAGE,1946-01-01
094_S_6269,Accelerated Sagittal MPRAGE,1947-01-01
094_S_6275,Accelerated Sagittal MPRAGE,1959-01-01
094_S_6278,Accelerated Sagittal MPRAGE,1937-01-01
094_S_6417,Accelerated Sagittal MPRAGE,1940-01-01
094_S_6419,Accelerated Sagittal MPRAGE,1942-01-01
094_S_6440,Accelerated Sagittal MPRAGE,1950-01-01
094_S_6468,Accelerated Sagittal MPRAGE,1949-01-01
094_S_6485,Accelerated Sagittal MPRAGE,1947-01-01
099_S_0040,MPRAGE Repeat,1932-01-01
099_S_0090,MPRAGE,1936-01-01
099_S_0352,MPRAGE,1929-01-01
099_S_0533,MPRAGE,1925-01-01
099_S_0534,MPRAGE,1943-01-01
100_S_0015,ADNI STUDY MPRAGE1,1924-01-01
100_S_0035,ADNI STUDY MPRAGE1,1928-01-01
100_S_0047,ADNI STUDY MPRAGE2,1921-01-01
100_S_0069,ADNI STUDY MPRAGE1,1933-01-01
100_S_1286,ADNI-R11   MPRAGE,1931-01-01
100_S_6164,Sagittal 3D Accelerated MPRAGE,1949-01-01
100_S_6273,Sagittal 3D Accelerated MPRAGE,1952-01-01
100_S_6308,Sagittal 3D Accelerated MPRAGE,1947-01-01
100_S_6349,Sagittal 3D Accelerated MPRAGE,1944-01-01
100_S_6493,Sagittal 3D Accelerated MPRAGE,1939-01-01
100_S_6578,Sagittal 3D Accelerated MPRAGE,1951-01-01
109_S_0876,MPRAGE,1930-01-01
109_S_0967,MPRAGE Repeat,1929-01-01
109_S_1013,MPRAGE Repeat,1928-01-01
109_S_1014,MPRAGE Repeat,1922-01-01
109_S_6213,Accelerated Sagittal MPRAGE,1947-01-01
109_S_6218,Accelerated Sagittal MPRAGE,1955-01-01
109_S_6405,Accelerated Sagittal MPRAGE,1947-01-01
114_S_0166,MPRAGE Repeat,1933-01-01
114_S_0173,MPRAGE,1932-01-01
114_S_0416,MPRAGE,1930-01-01
114_S_0601,MPRAGE Repeat,1929-01-01
114_S_6057,Accelerated Sagittal MPRAGE,1945-01-01
114_S_6063,Accelerated Sagittal MPRAGE,1943-01-01
114_S_6113,Accelerated Sagittal MPRAGE_ND,1941-01-01
114_S_6251,Accelerated Sagittal MPRAGE,1952-01-01
114_S_6309,Accelerated Sagittal MPRAGE,1953-01-01
114_S_6429,Accelerated Sagittal MPRAGE,1949-01-01
114_S_6462,Accelerated Sagittal MPRAGE,1948-01-01
114_S_6487,Accelerated Sagittal MPRAGE,1950-01-01
114_S_6524,Accelerated Sagittal MPRAGE,1952-01-01
114_S_6813,Accelerated Sagittal MPRAGE,1952-01-01
114_S_6917,Accelerated Sagittal MPRAGE,1956-01-01
116_S_0382,MPRAGE,1930-01-01
116_S_1232,MPRAGE,1934-01-01
116_S_1249,MPRAGE,1936-01-01
116_S_6119,Accelerated Sagittal MPRAGE,1950-01-01
116_S_6129,Accelerated Sagittal MPRAGE,1955-01-01
116_S_6133,Accelerated Sagittal MPRAGE_ND,1948-01-01
116_S_6439,Accelerated Sagittal MPRAGE,1952-01-01
116_S_6458,Accelerated Sagittal MPRAGE,1944-01-01
116_S_6517,Accelerated Sagittal MPRAGE_ND,1949-01-01
116_S_6537,Accelerated Sagittal MPRAGE,1947-01-01
116_S_6624,Accelerated Sagittal MPRAGE,1953-01-01
116_S_6750,Accelerated Sagittal MPRAGE_ND,1944-01-01
123_S_0072,ADNI       MPRAGE,1935-01-01
123_S_0106,ADNI       MPRAGE,1932-01-01
123_S_0113,ADNI       MPRAGE,1930-01-01
123_S_0298,ADNI       MPRAGE,1929-01-01
123_S_6118,Sagittal 3D Accelerated MPRAGE,1943-01-01
128_S_0863,MPRAGE,1927-01-01
128_S_1242,SAG 3D MPRAGE,1935-01-01
130_S_0886,MPRAGE SENSE repeat,1935-01-01
130_S_0969,MPRAGE SENSE repeat,1936-01-01
130_S_6019,Sagittal 3D Accelerated MPRAGE,1935-01-01
130_S_6027,Sagittal 3D Accelerated MPRAGE,1941-01-01
130_S_6035,Sagittal 3D Accelerated MPRAGE,1933-01-01
130_S_6037,Sagittal 3D Accelerated MPRAGE,1950-01-01
130_S_6043,Sagittal 3D Accelerated MPRAGE,1938-01-01
130_S_6105,Sagittal 3D Accelerated MPRAGE,1942-01-01
130_S_6111,Sagittal 3D Accelerated MPRAGE,1945-01-01
130_S_6137,Sagittal 3D Accelerated MPRAGE,1936-01-01
130_S_6161,Sagittal 3D Accelerated MPRAGE,1951-01-01
130_S_6319,Sagittal 3D Accelerated MPRAGE,1950-01-01
130_S_6361,Sagittal 3D Accelerated MPRAGE_REPEAT,1940-01-01
130_S_6372,Sagittal 3D Accelerated MPRAGE,1934-01-01
130_S_6388,Sagittal 3D Accelerated MPRAGE,1940-01-01
130_S_6390,Sagittal 3D Accelerated MPRAGE,1949-01-01
130_S_6391,Sagittal 3D Accelerated MPRAGE,1952-01-01
130_S_6469,Sagittal 3D Accelerated MPRAGE,1947-01-01
130_S_6558,Sagittal 3D Accelerated MPRAGE,1947-01-01
131_S_6170,Sagittal 3D Accelerated MPRAGE,1960-01-01
131_S_6519,Sagittal 3D Accelerated MPRAGE,1943-01-01
131_S_6692,Sagittal 3D Accelerated MPRAGE,1943-01-01
133_S_0433,MPRAGE,1920-01-01
133_S_0488,MPRAGE,1935-01-01
133_S_0493,MPRAGE,1928-01-01
133_S_0525,MPRAGE,1936-01-01
136_S_0086,MPRAGE 3dtf,1925-01-01
136_S_0184,MPRAGE repe,1927-01-01
136_S_0196,MPRAGE 3dtf,1928-01-01
137_S_6060,Accelerated Sagittal MPRAGE,1948-01-01
137_S_6794,Accelerated Sagittal MPRAGE,1952-01-01
137_S_6826,Accelerated Sagittal MPRAGE,1951-01-01
141_S_0717,MPRAGE,1930-01-01
141_S_0726,MPRAGE,1925-01-01
141_S_0767,MPRAGE,1933-01-01
141_S_0810,MPRAGE,1923-01-01
141_S_1094,MPRAGE,1930-01-01
141_S_6008,Accelerated Sagittal MPRAGE,1954-01-01
141_S_6015,Accelerated Sagittal MPRAGE,1949-01-01
141_S_6042,Accelerated Sagittal MPRAGE_ND,1956-01-01
141_S_6061,Accelerated Sagittal MPRAGE_ND,1943-01-01
141_S_6116,Accelerated Sagittal MPRAGE_ND,1948-01-01
141_S_6178,Accelerated Sagittal MPRAGE_ND,1952-01-01
141_S_6240,Accelerated Sagittal MPRAGE,1951-01-01
141_S_6253,Accelerated Sagittal MPRAGE,1951-01-01
141_S_6416,Accelerated Sagittal MPRAGE,1949-01-01
141_S_6423,Accelerated Sagittal MPRAGE,1937-01-01
141_S_6589,Accelerated Sagittal MPRAGE_ND,1951-01-01
141_S_6872,Accelerated Sagittal MPRAGE,1954-01-01
153_S_6237,Accelerated Sagittal MPRAGE,1957-01-01
168_S_6049,Accelerated Sagittal MPRAGE,1944-01-01
168_S_6051,Accelerated Sagittal MPRAGE,1951-01-01
168_S_6059,Accelerated Sagittal MPRAGE,1952-01-01
168_S_6062,Accelerated Sagittal MPRAGE,1950-01-01
168_S_6064,Accelerated Sagittal MPRAGE,1948-01-01
168_S_6065,Accelerated Sagittal MPRAGE,1946-01-01
168_S_6085,Accelerated Sagittal MPRAGE,1961-01-01
168_S_6086,Accelerated Sagittal MPRAGE,1948-01-01
168_S_6098,Accelerated Sagittal MPRAGE,1954-01-01
168_S_6107,Accelerated Sagittal MPRAGE,1952-01-01
168_S_6108,Accelerated Sagittal MPRAGE,1946-01-01
168_S_6121,Accelerated Sagittal MPRAGE,1949-01-01
168_S_6128,Accelerated Sagittal MPRAGE,1948-01-01
168_S_6131,Accelerated Sagittal MPRAGE,1949-01-01
168_S_6151,Accelerated Sagittal MPRAGE,1952-01-01
168_S_6233,Accelerated Sagittal MPRAGE,1941-01-01
168_S_6281,Accelerated Sagittal MPRAGE,1938-01-01
168_S_6285,Accelerated Sagittal MPRAGE,1951-01-01
168_S_6318,Accelerated Sagittal MPRAGE,1948-01-01
168_S_6320,Accelerated Sagittal MPRAGE,1952-01-01
168_S_6321,Accelerated Sagittal MPRAGE,1945-01-01
168_S_6350,Accelerated Sagittal MPRAGE,1940-01-01
168_S_6371,Accelerated Sagittal MPRAGE,1951-01-01
168_S_6413,Accelerated Sagittal MPRAGE,1940-01-01
168_S_6492,Accelerated Sagittal MPRAGE,1948-01-01
168_S_6561,Accelerated Sagittal MPRAGE,1950-01-01
177_S_6328,Sagittal 3D Accelerated MPRAGE,1948-01-01
177_S_6335,Sagittal 3D Accelerated MPRAGE,1951-01-01
177_S_6408,Sagittal 3D Accelerated MPRAGE,1958-01-01
177_S_6409,Sagittal 3D Accelerated MPRAGE,1960-01-01
177_S_6420,Sagittal 3D Accelerated MPRAGE,1946-01-01
177_S_6448,Sagittal 3D Accelerated MPRAGE,1950-01-01
301_S_6224,Sagittal 3D Accelerated MPRAGE,1942-01-01
301_S_6326,Sagittal 3D Accelerated MPRAGE,1942-01-01
301_S_6501,Sagittal 3D Accelerated MPRAGE,1944-01-01
305_S_6157,Sagittal 3D Accelerated MPRAGE,1950-01-01
305_S_6188,Sagittal 3D Accelerated MPRAGE,1952-01-01
305_S_6313,Sagittal 3D Accelerated MPRAGE,1959-01-01
305_S_6438,Sagittal 3D Accelerated MPRAGE,1946-01-01
341_S_6494,Accelerated Sagittal MPRAGE,1952-01-01
341_S_6653,Accelerated Sagittal MPRAGE,1950-01-01
941_S_1194,MPRAGE Repeat,1922-01-01
941_S_1195,MPRAGE Repeat,1930-01-01
941_S_1197,MPRAGE Repeat,1924-01-01
941_S_1202,MPRAGE,1929-01-01
941_S_1203,MPRAGE,1923-01-01
941_S_6044,Accelerated Sagittal MPRAGE,1942-01-01
941_S_6054,Accelerated Sagittal MPRAGE,1938-01-01
941_S_6058,Accelerated Sagittal MPRAGE,1949-01-01
941_S_6080,Accelerated Sagittal MPRAGE,1940-01-01
941_S_6094,Accelerated Sagittal MPRAGE,1948-01-01
941_S_6254,Accelerated Sagittal MPRAGE,1950-01-01
941_S_6333,Accelerated Sagittal MPRAGE,1940-01-01
941_S_6384,Accelerated Sagittal MPRAGE,1948-01-01
941_S_6422,Accelerated Sagittal MPRAGE,1952-01-01
941_S_6454,Accelerated Sagittal MPRAGE,1946-01-01
941_S_6471,Accelerated Sagittal MPRAGE,1946-01-01
941_S_6495,Accelerated Sagittal MPRAGE,1935-01-01
941_S_6496,Accelerated Sagittal MPRAGE,1933-01-01
941_S_6499,Accelerated Sagittal MPRAGE,1949-01-01
941_S_6514,Accelerated Sagittal MPRAGE,1944-01-01
941_S_6546,Accelerated Sagittal MPRAGE,1938-01-01
941_S_6570,Accelerated Sagittal MPRAGE,1947-01-01
941_S_6574,3D MPRAGE,1945-01-01
941_S_6575,Accelerated Sagittal MPRAGE,1945-01-01
941_S_6580,Accelerated Sagittal MPRAGE,1938-01-01
941_S_6581,Accelerated Sagittal MPRAGE,1944-01-01
941_S_6607,Accelerated Sagittal MPRAGE,1936-01-01
941_S_6998,Accelerated Sagittal MPRAGE,1964-01-01
941_S_7046,Accelerated Sagittal MPRAGE,1950-01-01
941_S_7051,Accelerated Sagittal MPRAGE,1958-01-01
941_S_7074,Accelerated Sagittal MPRAGE,1951-01-01
941_S_7087,Accelerated Sagittal MPRAGE,1955-01-01
